{
  "_fv": 39,
  "_type": "recipe",
  "definition": {
    "recipeType": "Crafting",
    "xpReward": 0.0,
    "cookingTime": 200,
    "recipeRetstackSize": 3,
    "group": "",
    "recipeShapeless": false,
    "recipeSlots": [
      {
        "value": "CUSTOM:GrandOakLog"
      },
      {
        "value": "CUSTOM:GrandOakLog"
      },
      {
        "value": ""
      },
      {
        "value": "CUSTOM:GrandOakLog"
      },
      {
        "value": "CUSTOM:GrandOakLog"
      },
      {
        "value": ""
      },
      {
        "value": ""
      },
      {
        "value": ""
      },
      {
        "value": ""
      }
    ],
    "recipeReturnStack": {
      "value": "CUSTOM:GrandOakWood"
    },
    "name": "grand_oak_wood_recipe",
    "namespace": "mod"
  }
}