{
  "_fv": 39,
  "_type": "recipe",
  "definition": {
    "recipeType": "Crafting",
    "xpReward": 0.0,
    "cookingTime": 200,
    "recipeRetstackSize": 6,
    "group": "",
    "recipeShapeless": false,
    "recipeSlots": [
      {
        "value": ""
      },
      {
        "value": ""
      },
      {
        "value": ""
      },
      {
        "value": ""
      },
      {
        "value": ""
      },
      {
        "value": ""
      },
      {
        "value": "CUSTOM:GrandOakPlanks"
      },
      {
        "value": "CUSTOM:GrandOakPlanks"
      },
      {
        "value": "CUSTOM:GrandOakPlanks"
      }
    ],
    "recipeReturnStack": {
      "value": "CUSTOM:GrandOakSlab"
    },
    "name": "grand_oak_slab_recipe",
    "namespace": "mod"
  }
}