{
  "_fv": 39,
  "_type": "tag",
  "definition": {
    "type": "Blocks",
    "items": [],
    "blocks": [
      {
        "value": "CUSTOM:SkyStoneBrickStair"
      },
      {
        "value": "CUSTOM:DarkSkyStoneBrickStair"
      },
      {
        "value": "CUSTOM:GildedDarkStoneBrickStair"
      },
      {
        "value": "CUSTOM:GildedStoneBrickStair"
      },
      {
        "value": "CUSTOM:SkyStoneStair"
      },
      {
        "value": "CUSTOM:DarkSkyStoneStair"
      },
      {
        "value": "CUSTOM:SkyCobblestoneStair"
      },
      {
        "value": "CUSTOM:DarkSkyCobblestoneStair"
      },
      {
        "value": "CUSTOM:GildedStoneStair"
      },
      {
        "value": "CUSTOM:GildedDarkStoneStair"
      },
      {
        "value": "CUSTOM:GildedCobblestoneStair"
      },
      {
        "value": "CUSTOM:GildedDarkCobblestoneStair"
      },
      {
        "value": "CUSTOM:SkyOakStairs"
      }
    ],
    "functions": [],
    "entities": [],
    "biomes": [],
    "name": "stairs",
    "namespace": "minecraft"
  }
}