{
  "_fv": 39,
  "_type": "tool",
  "definition": {
    "renderType": 0,
    "texture": "skymetal_pickaxe",
    "customModelName": "Normal",
    "name": "SkyMetal Pickaxe",
    "specialInfo": [],
    "creativeTab": {
      "value": "TOOLS"
    },
    "toolType": "Pickaxe",
    "harvestLevel": 2,
    "efficiency": 7.0,
    "attackSpeed": 1.0,
    "enchantability": 17,
    "damageVsEntity": 2.0,
    "usageCount": 323,
    "blocksAffected": [],
    "hasGlow": false,
    "repairItems": [
      {
        "value": "CUSTOM:SkyMetalIngot"
      }
    ],
    "immuneToFire": false,
    "stayInGridWhenCrafting": false,
    "damageOnCrafting": false
  }
}