{
  "group": "blocks",
  "type": "minecraft:crafting_shaped",
  "pattern": [
    "012",
    "345"
  ],
  "key": {
    "0": {
      "item": "gildedsky:dark_sky_stone"
    },
    "1": {
      "item": "gildedsky:dark_sky_stone"
    },
    "2": {
      "item": "gildedsky:dark_sky_stone"
    },
    "3": {
      "item": "gildedsky:dark_sky_stone"
    },
    "4": {
      "item": "gildedsky:dark_sky_stone"
    },
    "5": {
      "item": "gildedsky:dark_sky_stone"
    }
  },
  "result": {
    "item": "gildedsky:dark_sky_stone_wall",
    "count": 6
  }
}