{
  "group": "blocks",
  "type": "minecraft:crafting_shaped",
  "pattern": [
    "  2",
    " 45",
    "678"
  ],
  "key": {
    "2": {
      "item": "gildedsky:gilded_dark_stone_bricks"
    },
    "4": {
      "item": "gildedsky:gilded_dark_stone_bricks"
    },
    "5": {
      "item": "gildedsky:gilded_dark_stone_bricks"
    },
    "6": {
      "item": "gildedsky:gilded_dark_stone_bricks"
    },
    "7": {
      "item": "gildedsky:gilded_dark_stone_bricks"
    },
    "8": {
      "item": "gildedsky:gilded_dark_stone_bricks"
    }
  },
  "result": {
    "item": "gildedsky:gilded_dark_stone_brick_stair",
    "count": 4
  }
}