{
  "group": "blocks",
  "type": "minecraft:crafting_shaped",
  "pattern": [
    "0  ",
    "34 ",
    "678"
  ],
  "key": {
    "0": {
      "item": "gildedsky:gilded_dark_stone"
    },
    "3": {
      "item": "gildedsky:gilded_dark_stone"
    },
    "4": {
      "item": "gildedsky:gilded_dark_stone"
    },
    "6": {
      "item": "gildedsky:gilded_dark_stone"
    },
    "7": {
      "item": "gildedsky:gilded_dark_stone"
    },
    "8": {
      "item": "gildedsky:gilded_dark_stone"
    }
  },
  "result": {
    "item": "gildedsky:gilded_dark_stone_stair",
    "count": 4
  }
}