{
  "multipart": [
    {
      "when": {
        "up": "true"
      },
      "apply": {
        "model": "gildedsky:block/dark_sky_cobblestone_wall_post"
      }
    },
    {
      "when": {
        "north": "low"
      },
      "apply": {
        "model": "gildedsky:block/dark_sky_cobblestone_wall",
        "uvlock": true
      }
    },
    {
      "when": {
        "east": "low"
      },
      "apply": {
        "model": "gildedsky:block/dark_sky_cobblestone_wall",
        "y": 90,
        "uvlock": true
      }
    },
    {
      "when": {
        "south": "low"
      },
      "apply": {
        "model": "gildedsky:block/dark_sky_cobblestone_wall",
        "y": 180,
        "uvlock": true
      }
    },
    {
      "when": {
        "west": "low"
      },
      "apply": {
        "model": "gildedsky:block/dark_sky_cobblestone_wall",
        "y": 270,
        "uvlock": true
      }
    },
    {
      "when": {
        "north": "tall"
      },
      "apply": {
        "model": "gildedsky:block/dark_sky_cobblestone_wall_side_tall",
        "uvlock": true
      }
    },
    {
      "when": {
        "east": "tall"
      },
      "apply": {
        "model": "gildedsky:block/dark_sky_cobblestone_wall_side_tall",
        "y": 90,
        "uvlock": true
      }
    },
    {
      "when": {
        "south": "tall"
      },
      "apply": {
        "model": "gildedsky:block/dark_sky_cobblestone_wall_side_tall",
        "y": 180,
        "uvlock": true
      }
    },
    {
      "when": {
        "west": "tall"
      },
      "apply": {
        "model": "gildedsky:block/dark_sky_cobblestone_wall_side_tall",
        "y": 270,
        "uvlock": true
      }
    }
  ]
}