{
  "_fv": 34,
  "_type": "recipe",
  "definition": {
    "recipeType": "Crafting",
    "xpReward": 0.0,
    "cookingTime": 200,
    "recipeRetstackSize": 4,
    "group": "blocks",
    "recipeShapeless": false,
    "recipeSlots": [
      {
        "value": ""
      },
      {
        "value": ""
      },
      {
        "value": "CUSTOM:GildedCobblestone"
      },
      {
        "value": ""
      },
      {
        "value": "CUSTOM:GildedCobblestone"
      },
      {
        "value": "CUSTOM:GildedCobblestone"
      },
      {
        "value": "CUSTOM:GildedCobblestone"
      },
      {
        "value": "CUSTOM:GildedCobblestone"
      },
      {
        "value": "CUSTOM:GildedCobblestone"
      }
    ],
    "recipeReturnStack": {
      "value": "CUSTOM:GildedCobblestoneStair"
    },
    "name": "gilded_cobblestone_stair_craft",
    "namespace": "mod"
  }
}