{
  "_fv": 34,
  "_type": "tool",
  "definition": {
    "renderType": 0,
    "texture": "skymetal_hoe",
    "customModelName": "Normal",
    "name": "SkyMetal Hoe",
    "specialInfo": [],
    "creativeTab": {
      "value": "TOOLS"
    },
    "toolType": "Hoe",
    "harvestLevel": 3,
    "efficiency": 8.0,
    "attackSpeed": 1.0,
    "enchantability": 21,
    "damageVsEntity": 3.0,
    "usageCount": 441,
    "blocksAffected": [],
    "hasGlow": false,
    "repairItems": [
      {
        "value": "CUSTOM:SkyMetalIngot"
      }
    ],
    "immuneToFire": false,
    "stayInGridWhenCrafting": false,
    "damageOnCrafting": false
  }
}