{
  "_fv": 34,
  "_type": "armor",
  "definition": {
    "enableHelmet": true,
    "textureHelmet": "skymetal_head",
    "enableBody": true,
    "textureBody": "skymetal_body",
    "enableLeggings": true,
    "textureLeggings": "skymetal_leggings",
    "enableBoots": true,
    "textureBoots": "skymetal_boots",
    "creativeTab": {
      "value": "COMBAT"
    },
    "armorTextureFile": "skymetal",
    "helmetName": "SkyMetal Helmet",
    "bodyName": "SkyMetal Chestplate",
    "leggingsName": "SkyMetal Leggings",
    "bootsName": "SkyMetal Boots",
    "helmetSpecialInfo": [],
    "bodySpecialInfo": [],
    "leggingsSpecialInfo": [],
    "bootsSpecialInfo": [],
    "helmetModelName": "Default",
    "helmetModelPart": "Helmet",
    "helmetModelTexture": "From armor",
    "bodyModelName": "Default",
    "bodyModelPart": "Body",
    "armsModelPartL": "Arms L",
    "armsModelPartR": "Arms R",
    "bodyModelTexture": "From armor",
    "leggingsModelName": "Default",
    "leggingsModelPartL": "Leggings L",
    "leggingsModelPartR": "Leggings R",
    "leggingsModelTexture": "From armor",
    "bootsModelName": "Default",
    "bootsModelPartL": "Boots L",
    "bootsModelPartR": "Boots R",
    "bootsModelTexture": "From armor",
    "helmetImmuneToFire": false,
    "bodyImmuneToFire": false,
    "leggingsImmuneToFire": false,
    "bootsImmuneToFire": false,
    "maxDamage": 23,
    "damageValueHelmet": 3,
    "damageValueBody": 8,
    "damageValueLeggings": 9,
    "damageValueBoots": 3,
    "enchantability": 14,
    "toughness": 0.0,
    "knockbackResistance": 0.0,
    "equipSound": {
      "value": ""
    },
    "repairItems": [
      {
        "value": "CUSTOM:SkyMetalIngot"
      }
    ]
  }
}